SITE,CHAMBER,MATRIX,COLLECT_DATE,TEST_NAME,VALUE,UNITS
BW,1,PW,10/22/14 11:46,ALKA,479,mg/L
BW,3,PW,10/22/14 12:07,ALKA,649,mg/L
BW,5,PW,10/22/14 12:31,ALKA,612,mg/L
BW,7,PW,10/22/14 12:52,ALKA,545,mg/L
BW,8,PW,10/22/14 13:20,ALKA,555,mg/L
BW,9,PW,10/22/14 13:37,ALKA,468,mg/L
BW,11,PW,10/22/14 14:18,ALKA,307,mg/L
BW,12,PW,10/22/14 14:36,ALKA,396,mg/L
BW,14,PW,10/22/14 14:56,ALKA,453,mg/L
BW,13,PW,10/22/14 15:14,ALKA,359,mg/L
BW,16,PW,10/22/14 15:33,ALKA,426,mg/L
BW,15,PW,10/22/14 15:44,ALKA,243,mg/L
BW,1,SW,10/22/14 16:40,ALKA,107,mg/L
BW,2,SW,10/22/14 16:42,ALKA,101,mg/L
BW,8,PW,11/20/14 11:42,ALKA,600,mg/L
BW,5,PW,11/20/14 12:03,ALKA,590,mg/L
BW,7,PW,11/20/14 12:18,ALKA,524,mg/L
BW,3,PW,11/20/14 12:31,ALKA,677,mg/L
BW,1,PW,11/20/14 12:40,ALKA,529,mg/L
BW,1,SW,11/20/14 13:21,ALKA,176,mg/L
BW,3,SW,11/20/14 13:31,ALKA,171,mg/L
BW,9,PW,11/20/14 13:41,ALKA,500,mg/L
BW,7,SW,11/20/14 13:47,ALKA,166,mg/L
BW,11,PW,11/20/14 13:56,ALKA,272,mg/L
BW,5,SW,11/20/14 13:57,ALKA,170,mg/L
BW,12,PW,11/20/14 14:09,ALKA,318,mg/L
BW,8,SW,11/20/14 14:28,ALKA,168,mg/L
BW,14,PW,11/20/14 14:32,ALKA,355,mg/L
BW,9,SW,11/20/14 14:38,ALKA,163,mg/L
BW,13,PW,11/20/14 14:46,ALKA,267,mg/L
BW,11,SW,11/20/14 14:51,ALKA,172,mg/L
BW,15,PW,11/20/14 14:54,ALKA,188,mg/L
BW,13,SW,11/20/14 15:05,ALKA,180,mg/L
BW,16,PW,11/20/14 15:11,ALKA,377,mg/L
BW,12,SW,11/20/14 15:21,ALKA,179,mg/L
BW,14,SW,11/20/14 15:26,ALKA,172,mg/L
BW,16,SW,11/20/14 15:31,ALKA,172,mg/L
BW,16,SW,11/20/14 15:36,ALKA,170,mg/L
BW,15,SW,11/20/14 15:39,ALKA,182,mg/L
BW,1,PW,10/22/14 11:46,CL,3823,mg/L
BW,3,PW,10/22/14 12:07,CL,4910,mg/L
BW,5,PW,10/22/14 12:31,CL,4709,mg/L
BW,7,PW,10/22/14 12:52,CL,3792,mg/L
BW,8,PW,10/22/14 13:20,CL,4621,mg/L
BW,9,PW,10/22/14 13:37,CL,4127,mg/L
BW,11,PW,10/22/14 14:18,CL,6024,mg/L
BW,12,PW,10/22/14 14:36,CL,8287,mg/L
BW,14,PW,10/22/14 14:56,CL,6829,mg/L
BW,13,PW,10/22/14 15:14,CL,6550,mg/L
BW,16,PW,10/22/14 15:33,CL,6910,mg/L
BW,15,PW,10/22/14 15:44,CL,4898,mg/L
BW,1,SW,10/22/14 16:40,CL,1552,mg/L
BW,2,SW,10/22/14 16:42,CL,1512,mg/L
BW,8,PW,11/20/14 11:42,CL,4850,mg/L
BW,5,PW,11/20/14 12:03,CL,4132,mg/L
BW,7,PW,11/20/14 12:18,CL,3782,mg/L
BW,3,PW,11/20/14 12:31,CL,4406,mg/L
BW,1,PW,11/20/14 12:40,CL,3767,mg/L
BW,1,SW,11/20/14 13:21,CL,2679,mg/L
BW,3,SW,11/20/14 13:31,CL,2724,mg/L
BW,9,PW,11/20/14 13:41,CL,4093,mg/L
BW,7,SW,11/20/14 13:47,CL,2670,mg/L
BW,11,PW,11/20/14 13:56,CL,7825,mg/L
BW,5,SW,11/20/14 13:57,CL,2723,mg/L
BW,12,PW,11/20/14 14:09,CL,8561,mg/L
BW,8,SW,11/20/14 14:28,CL,2579,mg/L
BW,14,PW,11/20/14 14:32,CL,6576,mg/L
BW,9,SW,11/20/14 14:38,CL,2591,mg/L
BW,13,PW,11/20/14 14:46,CL,6611,mg/L
BW,11,SW,11/20/14 14:51,CL,2493,mg/L
BW,15,PW,11/20/14 14:54,CL,4977,mg/L
BW,13,SW,11/20/14 15:05,CL,2764,mg/L
BW,16,PW,11/20/14 15:11,CL,7963,mg/L
BW,12,SW,11/20/14 15:21,CL,2969,mg/L
BW,14,SW,11/20/14 15:26,CL,2724,mg/L
BW,16,SW,11/20/14 15:31,CL,2763,mg/L
BW,16,SW,11/20/14 15:36,CL,2804,mg/L
BW,15,SW,11/20/14 15:39,CL,2755,mg/L
BW,1,PW,12/17/14 10:34,CL,4528.232,mg/L
BW,3,PW,12/17/14 10:49,CL,5100.179,mg/L
BW,5,PW,12/17/14 11:04,CL,4692.378,mg/L
BW,8,PW,12/17/14 11:17,CL,4717.213,mg/L
BW,7,PW,12/17/14 11:29,CL,4341.074,mg/L
BW,9,PW,12/17/14 11:41,CL,4879.256,mg/L
BW,11,PW,12/17/14 11:57,CL,6652.518,mg/L
BW,12,PW,12/17/14 12:11,CL,7202.497,mg/L
BW,13,PW,12/17/14 12:25,CL,8577.283,mg/L
BW,14,PW,12/17/14 12:39,CL,8159.555,mg/L
BW,15,PW,12/17/14 12:53,CL,7016.453,mg/L
BW,16,PW,12/17/14 13:04,CL,8818.45,mg/L
BW,1,PW,10/22/14 11:46,DOC,196,mg/L
BW,3,PW,10/22/14 12:07,DOC,177,mg/L
BW,5,PW,10/22/14 12:31,DOC,169,mg/L
BW,7,PW,10/22/14 12:52,DOC,153,mg/L
BW,8,PW,10/22/14 13:20,DOC,163,mg/L
BW,9,PW,10/22/14 13:37,DOC,145,mg/L
BW,11,PW,10/22/14 14:18,DOC,116,mg/L
BW,12,PW,10/22/14 14:36,DOC,118,mg/L
BW,14,PW,10/22/14 14:56,DOC,120,mg/L
BW,13,PW,10/22/14 15:14,DOC,123,mg/L
BW,16,PW,10/22/14 15:33,DOC,129,mg/L
BW,15,PW,10/22/14 15:44,DOC,108,mg/L
BW,1,SW,10/22/14 16:40,DOC,51.2,mg/L
BW,2,SW,10/22/14 16:42,DOC,50.1,mg/L
BW,8,PW,11/20/14 11:42,DOC,182,mg/L
BW,5,PW,11/20/14 12:03,DOC,152,mg/L
BW,7,PW,11/20/14 12:18,DOC,129,mg/L
BW,3,PW,11/20/14 12:31,DOC,146,mg/L
BW,1,PW,11/20/14 12:40,DOC,153,mg/L
BW,1,SW,11/20/14 13:21,DOC,80.4,mg/L
BW,3,SW,11/20/14 13:31,DOC,81.6,mg/L
BW,9,PW,11/20/14 13:41,DOC,132,mg/L
BW,7,SW,11/20/14 13:47,DOC,79.8,mg/L
BW,11,PW,11/20/14 13:56,DOC,97.6,mg/L
BW,5,SW,11/20/14 13:57,DOC,82.1,mg/L
BW,12,PW,11/20/14 14:09,DOC,93.7,mg/L
BW,8,SW,11/20/14 14:28,DOC,112,mg/L
BW,14,PW,11/20/14 14:32,DOC,120,mg/L
BW,9,SW,11/20/14 14:38,DOC,114,mg/L
BW,13,PW,11/20/14 14:46,DOC,172,mg/L
BW,11,SW,11/20/14 14:51,DOC,120,mg/L
BW,15,PW,11/20/14 14:54,DOC,96.9,mg/L
BW,13,SW,11/20/14 15:05,DOC,83.6,mg/L
BW,16,PW,11/20/14 15:11,DOC,99.9,mg/L
BW,12,SW,11/20/14 15:21,DOC,83.3,mg/L
BW,14,SW,11/20/14 15:26,DOC,82.3,mg/L
BW,16,SW,11/20/14 15:31,DOC,82.5,mg/L
BW,16,SW,11/20/14 15:36,DOC,83.1,mg/L
BW,15,SW,11/20/14 15:39,DOC,88.1,mg/L
BW,1,PW,10/22/14 11:46,LPH,7.57,pH Units
BW,3,PW,10/22/14 12:07,LPH,7.67,pH Units
BW,5,PW,10/22/14 12:31,LPH,7.76,pH Units
BW,7,PW,10/22/14 12:52,LPH,7.77,pH Units
BW,8,PW,10/22/14 13:20,LPH,7.44,pH Units
BW,9,PW,10/22/14 13:37,LPH,7.33,pH Units
BW,11,PW,10/22/14 14:18,LPH,7.21,pH Units
BW,12,PW,10/22/14 14:36,LPH,7.17,pH Units
BW,14,PW,10/22/14 14:56,LPH,7.24,pH Units
BW,13,PW,10/22/14 15:14,LPH,7.21,pH Units
BW,16,PW,10/22/14 15:33,LPH,7.26,pH Units
BW,15,PW,10/22/14 15:44,LPH,7.19,pH Units
BW,1,SW,10/22/14 16:40,LPH,7.84,pH Units
BW,2,SW,10/22/14 16:42,LPH,7.7,pH Units
BW,8,PW,11/20/14 11:42,LPH,7.79,pH Units
BW,5,PW,11/20/14 12:03,LPH,7.78,pH Units
BW,7,PW,11/20/14 12:18,LPH,7.69,pH Units
BW,3,PW,11/20/14 12:31,LPH,7.68,pH Units
BW,1,PW,11/20/14 12:40,LPH,7.71,pH Units
BW,1,SW,11/20/14 13:21,LPH,7.92,pH Units
BW,3,SW,11/20/14 13:31,LPH,7.82,pH Units
BW,9,PW,11/20/14 13:41,LPH,7.74,pH Units
BW,7,SW,11/20/14 13:47,LPH,7.97,pH Units
BW,11,PW,11/20/14 13:56,LPH,7.63,pH Units
BW,5,SW,11/20/14 13:57,LPH,7.88,pH Units
BW,12,PW,11/20/14 14:09,LPH,7.64,pH Units
BW,8,SW,11/20/14 14:28,LPH,8.03,pH Units
BW,14,PW,11/20/14 14:32,LPH,7.47,pH Units
BW,9,SW,11/20/14 14:38,LPH,8.06,pH Units
BW,13,PW,11/20/14 14:46,LPH,7.6,pH Units
BW,11,SW,11/20/14 14:51,LPH,7.75,pH Units
BW,15,PW,11/20/14 14:54,LPH,7.06,pH Units
BW,13,SW,11/20/14 15:05,LPH,7.86,pH Units
BW,16,PW,11/20/14 15:11,LPH,7.55,pH Units
BW,12,SW,11/20/14 15:21,LPH,7.85,pH Units
BW,14,SW,11/20/14 15:26,LPH,7.72,pH Units
BW,16,SW,11/20/14 15:31,LPH,8.01,pH Units
BW,16,SW,11/20/14 15:36,LPH,8.02,pH Units
BW,15,SW,11/20/14 15:39,LPH,7.95,pH Units
BW,1,PW,10/22/14 11:46,NH4,1.759,mg/L
BW,3,PW,10/22/14 12:07,NH4,3.457,mg/L
BW,5,PW,10/22/14 12:31,NH4,4.093,mg/L
BW,7,PW,10/22/14 12:52,NH4,3.084,mg/L
BW,8,PW,10/22/14 13:20,NH4,4.356,mg/L
BW,9,PW,10/22/14 13:37,NH4,2.31,mg/L
BW,11,PW,10/22/14 14:18,NH4,1.399,mg/L
BW,12,PW,10/22/14 14:36,NH4,2.641,mg/L
BW,14,PW,10/22/14 14:56,NH4,2.704,mg/L
BW,13,PW,10/22/14 15:14,NH4,1.593,mg/L
BW,16,PW,10/22/14 15:33,NH4,2.662,mg/L
BW,15,PW,10/22/14 15:44,NH4,0.939,mg/L
BW,1,SW,10/22/14 16:40,NH4,0.065,mg/L
BW,2,SW,10/22/14 16:42,NH4,0.041,mg/L
BW,8,PW,11/20/14 11:42,NH4,4.407,mg/L
BW,5,PW,11/20/14 12:03,NH4,4.2,mg/L
BW,7,PW,11/20/14 12:18,NH4,3.333,mg/L
BW,3,PW,11/20/14 12:31,NH4,3.603,mg/L
BW,1,PW,11/20/14 12:40,NH4,1.876,mg/L
BW,1,SW,11/20/14 13:21,NH4,0.047,mg/L
BW,3,SW,11/20/14 13:31,NH4,0.051,mg/L
BW,9,PW,11/20/14 13:41,NH4,3.091,mg/L
BW,7,SW,11/20/14 13:47,NH4,0.052,mg/L
BW,11,PW,11/20/14 13:56,NH4,0.912,mg/L
BW,5,SW,11/20/14 13:57,NH4,0.055,mg/L
BW,12,PW,11/20/14 14:09,NH4,1.929,mg/L
BW,8,SW,11/20/14 14:28,NH4,0.042,mg/L
BW,14,PW,11/20/14 14:32,NH4,2.56,mg/L
BW,9,SW,11/20/14 14:38,NH4,0.043,mg/L
BW,13,PW,11/20/14 14:46,NH4,0.908,mg/L
BW,11,SW,11/20/14 14:51,NH4,0.034,mg/L
BW,15,PW,11/20/14 14:54,NH4,0.338,mg/L
BW,13,SW,11/20/14 15:05,NH4,0.051,mg/L
BW,16,PW,11/20/14 15:11,NH4,1.921,mg/L
BW,12,SW,11/20/14 15:21,NH4,0.052,mg/L
BW,14,SW,11/20/14 15:26,NH4,0.065,mg/L
BW,16,SW,11/20/14 15:31,NH4,0.053,mg/L
BW,16,SW,11/20/14 15:36,NH4,0.046,mg/L
BW,15,SW,11/20/14 15:39,NH4,0.097,mg/L
BW,1,PW,10/22/14 11:46,NOX,0.005,mg/L
BW,3,PW,10/22/14 12:07,NOX,0.005,mg/L
BW,5,PW,10/22/14 12:31,NOX,0.005,mg/L
BW,7,PW,10/22/14 12:52,NOX,0.007,mg/L
BW,8,PW,10/22/14 13:20,NOX,0.005,mg/L
BW,9,PW,10/22/14 13:37,NOX,0.005,mg/L
BW,11,PW,10/22/14 14:18,NOX,0.009,mg/L
BW,12,PW,10/22/14 14:36,NOX,0.005,mg/L
BW,14,PW,10/22/14 14:56,NOX,0.005,mg/L
BW,13,PW,10/22/14 15:14,NOX,0.005,mg/L
BW,16,PW,10/22/14 15:33,NOX,0.005,mg/L
BW,15,PW,10/22/14 15:44,NOX,0.006,mg/L
BW,1,SW,10/22/14 16:40,NOX,0.005,mg/L
BW,2,SW,10/22/14 16:42,NOX,0.005,mg/L
BW,1,PW,10/22/14 11:46,SO4,118,mg/L
BW,3,PW,10/22/14 12:07,SO4,256,mg/L
BW,5,PW,10/22/14 12:31,SO4,171,mg/L
BW,7,PW,10/22/14 12:52,SO4,144,mg/L
BW,8,PW,10/22/14 13:20,SO4,225,mg/L
BW,9,PW,10/22/14 13:37,SO4,227,mg/L
BW,11,PW,10/22/14 14:18,SO4,510,mg/L
BW,12,PW,10/22/14 14:36,SO4,793,mg/L
BW,14,PW,10/22/14 14:56,SO4,551,mg/L
BW,13,PW,10/22/14 15:14,SO4,504,mg/L
BW,16,PW,10/22/14 15:33,SO4,586,mg/L
BW,15,PW,10/22/14 15:44,SO4,382,mg/L
BW,1,SW,10/22/14 16:40,SO4,53.5,mg/L
BW,2,SW,10/22/14 16:42,SO4,55.2,mg/L
BW,8,PW,11/20/14 11:42,SO4,238,mg/L
BW,5,PW,11/20/14 12:03,SO4,138,mg/L
BW,7,PW,11/20/14 12:18,SO4,144,mg/L
BW,3,PW,11/20/14 12:31,SO4,205,mg/L
BW,1,PW,11/20/14 12:40,SO4,68,mg/L
BW,1,SW,11/20/14 13:21,SO4,103,mg/L
BW,3,SW,11/20/14 13:31,SO4,100,mg/L
BW,9,PW,11/20/14 13:41,SO4,247,mg/L
BW,7,SW,11/20/14 13:47,SO4,102,mg/L
BW,11,PW,11/20/14 13:56,SO4,954,mg/L
BW,5,SW,11/20/14 13:57,SO4,104,mg/L
BW,12,PW,11/20/14 14:09,SO4,1021,mg/L
BW,8,SW,11/20/14 14:28,SO4,98.2,mg/L
BW,14,PW,11/20/14 14:32,SO4,633,mg/L
BW,9,SW,11/20/14 14:38,SO4,101,mg/L
BW,13,PW,11/20/14 14:46,SO4,666,mg/L
BW,11,SW,11/20/14 14:51,SO4,96.1,mg/L
BW,15,PW,11/20/14 14:54,SO4,473,mg/L
BW,13,SW,11/20/14 15:05,SO4,104,mg/L
BW,16,PW,11/20/14 15:11,SO4,923,mg/L
BW,12,SW,11/20/14 15:21,SO4,128,mg/L
BW,14,SW,11/20/14 15:26,SO4,109,mg/L
BW,16,SW,11/20/14 15:31,SO4,107,mg/L
BW,16,SW,11/20/14 15:36,SO4,108,mg/L
BW,15,SW,11/20/14 15:39,SO4,102,mg/L
BW,1,PW,12/17/14 10:34,SO4,110.542,mg/L
BW,3,PW,12/17/14 10:49,SO4,203.259,mg/L
BW,5,PW,12/17/14 11:04,SO4,166.957,mg/L
BW,8,PW,12/17/14 11:17,SO4,248.933,mg/L
BW,7,PW,12/17/14 11:29,SO4,173.366,mg/L
BW,9,PW,12/17/14 11:41,SO4,280.653,mg/L
BW,11,PW,12/17/14 11:57,SO4,569.493,mg/L
BW,12,PW,12/17/14 12:11,SO4,623.696,mg/L
BW,13,PW,12/17/14 12:25,SO4,792.103,mg/L
BW,14,PW,12/17/14 12:39,SO4,784.472,mg/L
BW,15,PW,12/17/14 12:53,SO4,571.739,mg/L
BW,16,PW,12/17/14 13:04,SO4,806.669,mg/L
BW,1,PW,10/22/14 11:46,TDN,6.13,mg/L
BW,3,PW,10/22/14 12:07,TDN,7.52,mg/L
BW,5,PW,10/22/14 12:31,TDN,8.54,mg/L
BW,7,PW,10/22/14 12:52,TDN,7.05,mg/L
BW,8,PW,10/22/14 13:20,TDN,8.42,mg/L
BW,9,PW,10/22/14 13:37,TDN,6.17,mg/L
BW,11,PW,10/22/14 14:18,TDN,4.2,mg/L
BW,12,PW,10/22/14 14:36,TDN,5.53,mg/L
BW,14,PW,10/22/14 14:56,TDN,5.66,mg/L
BW,13,PW,10/22/14 15:14,TDN,4.56,mg/L
BW,16,PW,10/22/14 15:33,TDN,5.76,mg/L
BW,15,PW,10/22/14 15:44,TDN,3.5,mg/L
BW,1,SW,10/22/14 16:40,TDN,1.65,mg/L
BW,2,SW,10/22/14 16:42,TDN,1.68,mg/L
BW,8,PW,11/20/14 11:42,TDN,8.52,mg/L
BW,5,PW,11/20/14 12:03,TDN,8.57,mg/L
BW,7,PW,11/20/14 12:18,TDN,6.92,mg/L
BW,3,PW,11/20/14 12:31,TDN,7.73,mg/L
BW,1,PW,11/20/14 12:40,TDN,5.97,mg/L
BW,1,SW,11/20/14 13:21,TDN,2.4,mg/L
BW,3,SW,11/20/14 13:31,TDN,2.46,mg/L
BW,9,PW,11/20/14 13:41,TDN,6.66,mg/L
BW,7,SW,11/20/14 13:47,TDN,2.54,mg/L
BW,11,PW,11/20/14 13:56,TDN,3.32,mg/L
BW,5,SW,11/20/14 13:57,TDN,2.58,mg/L
BW,12,PW,11/20/14 14:09,TDN,4.36,mg/L
BW,8,SW,11/20/14 14:28,TDN,2.59,mg/L
BW,14,PW,11/20/14 14:32,TDN,5.32,mg/L
BW,9,SW,11/20/14 14:38,TDN,2.58,mg/L
BW,13,PW,11/20/14 14:46,TDN,3.56,mg/L
BW,11,SW,11/20/14 14:51,TDN,2.55,mg/L
BW,15,PW,11/20/14 14:54,TDN,2.86,mg/L
BW,13,SW,11/20/14 15:05,TDN,2.52,mg/L
BW,16,PW,11/20/14 15:11,TDN,4.5,mg/L
BW,12,SW,11/20/14 15:21,TDN,2.57,mg/L
BW,14,SW,11/20/14 15:26,TDN,2.51,mg/L
BW,16,SW,11/20/14 15:31,TDN,2.56,mg/L
BW,16,SW,11/20/14 15:36,TDN,2.57,mg/L
BW,15,SW,11/20/14 15:39,TDN,2.66,mg/L
FW,8,PW,10/15/14 10:55,ALKA,93,mg/L
FW,10,PW,10/15/14 11:35,ALKA,147,mg/L
FW,9,PW,10/15/14 11:55,ALKA,109,mg/L
FW,2,PW,10/15/14 12:27,ALKA,64,mg/L
FW,3,PW,10/15/14 12:47,ALKA,116,mg/L
FW,15,PW,10/15/14 13:41,ALKA,118,mg/L
FW,13,PW,10/15/14 14:04,ALKA,109,mg/L
FW,16,PW,10/15/14 14:15,ALKA,131,mg/L
FW,14,PW,10/15/14 14:37,ALKA,170,mg/L
FW,12,PW,10/15/14 14:52,ALKA,150,mg/L
FW,11,PW,10/15/14 15:06,ALKA,71,mg/L
FW,6,PW,10/15/14 15:31,ALKA,146,mg/L
FW,1,SW,10/22/14 17:00,ALKA,140,mg/L
FW,2,SW,10/22/14 17:02,ALKA,139,mg/L
FW,2,PW,11/19/14 10:36,ALKA,144,mg/L
FW,2,SW,11/19/14 10:43,ALKA,139,mg/L
FW,3,SW,11/19/14 10:53,ALKA,139,mg/L
FW,3,PW,11/19/14 11:05,ALKA,152,mg/L
FW,6,PW,11/19/14 11:45,ALKA,178,mg/L
FW,8,SW,11/19/14 12:06,ALKA,142,mg/L
FW,6,SW,11/19/14 12:08,ALKA,136,mg/L
FW,8,PW,11/19/14 12:16,ALKA,180,mg/L
FW,10,PW,11/19/14 12:31,ALKA,175,mg/L CaCO3
FW,9,PW,11/19/14 12:40,ALKA,168,mg/L
FW,9,SW,11/19/14 12:54,ALKA,145,mg/L
FW,10,SW,11/19/14 12:55,ALKA,139,mg/L
FW,12,SW,11/19/14 12:56,ALKA,142,mg/L
FW,11,SW,11/19/14 12:57,ALKA,151,mg/L
FW,15,PW,11/19/14 13:11,ALKA,165,mg/L
FW,16,PW,11/19/14 13:19,ALKA,169,mg/L
FW,13,PW,11/19/14 13:41,ALKA,2,mg/L
FW,11,PW,11/19/14 13:57,ALKA,108,mg/L
FW,13,SW,11/19/14 13:58,ALKA,146,mg/L
FW,14,SW,11/19/14 13:58,ALKA,133,mg/L
FW,15,SW,11/19/14 13:59,ALKA,154,mg/L
FW,16,SW,11/19/14 13:59,ALKA,135,mg/L
FW,12,PW,11/19/14 14:02,ALKA,123,mg/L
FW,14,PW,11/19/14 14:31,ALKA,116,mg/L
FW,8,PW,10/15/14 10:55,CL,29.3,mg/L
FW,10,PW,10/15/14 11:35,CL,25.3,mg/L
FW,9,PW,10/15/14 11:55,CL,43.9,mg/L
FW,2,PW,10/15/14 12:27,CL,74.4,mg/L
FW,3,PW,10/15/14 12:47,CL,56.7,mg/L
FW,15,PW,10/15/14 13:41,CL,1262,mg/L
FW,13,PW,10/15/14 14:04,CL,1056,mg/L
FW,16,PW,10/15/14 14:15,CL,1426,mg/L
FW,14,PW,10/15/14 14:37,CL,1268,mg/L
FW,12,PW,10/15/14 14:52,CL,1037,mg/L
FW,11,PW,10/15/14 15:06,CL,1213,mg/L
FW,6,PW,10/15/14 15:31,CL,43.9,mg/L
FW,1,SW,10/22/14 17:00,CL,51.8,mg/L
FW,2,SW,10/22/14 17:02,CL,47.7,mg/L
FW,2,PW,11/19/14 10:36,CL,46.1,mg/L
FW,2,SW,11/19/14 10:43,CL,57.9,mg/L
FW,3,SW,11/19/14 10:53,CL,63.7,mg/L
FW,3,PW,11/19/14 11:05,CL,59,mg/L
FW,6,PW,11/19/14 11:45,CL,44.1,mg/L
FW,8,SW,11/19/14 12:06,CL,63.5,mg/L
FW,6,SW,11/19/14 12:08,CL,65,mg/L
FW,8,PW,11/19/14 12:16,CL,42.6,mg/L
FW,10,PW,11/19/14 12:31,CL,47.3,mg/L
FW,9,PW,11/19/14 12:40,CL,46.6,mg/L
FW,9,SW,11/19/14 12:54,CL,54.2,mg/L
FW,10,SW,11/19/14 12:55,CL,60.5,mg/L
FW,12,SW,11/19/14 12:56,CL,378,mg/L
FW,11,SW,11/19/14 12:57,CL,909,mg/L
FW,15,PW,11/19/14 13:11,CL,1037,mg/L
FW,16,PW,11/19/14 13:19,CL,1384,mg/L
FW,13,PW,11/19/14 13:41,CL,1291,mg/L
FW,11,PW,11/19/14 13:57,CL,738,mg/L
FW,13,SW,11/19/14 13:58,CL,118,mg/L
FW,14,SW,11/19/14 13:58,CL,702,mg/L
FW,15,SW,11/19/14 13:59,CL,987,mg/L
FW,16,SW,11/19/14 13:59,CL,807,mg/L
FW,12,PW,11/19/14 14:02,CL,1574,mg/L
FW,14,PW,11/19/14 14:31,CL,1298,mg/L
FW,2,PW,12/18/14 10:29,CL,48.12,mg/L
FW,3,PW,12/18/14 10:46,CL,55.502,mg/L
FW,6,PW,12/18/14 10:59,CL,51.988,mg/L
FW,8,PW,12/18/14 11:00,CL,54.464,mg/L
FW,10,PW,12/18/14 11:28,CL,52.932,mg/L
FW,9,PW,12/18/14 11:42,CL,52.926,mg/L
FW,12,PW,12/18/14 11:57,CL,1174.319,mg/L
FW,11,PW,12/18/14 12:20,CL,1159.298,mg/L
FW,14,PW,12/18/14 12:36,CL,1833.255,mg/L
FW,13,PW,12/18/14 12:50,CL,823.201,mg/L
FW,15,PW,12/18/14 13:04,CL,834.633,mg/L
FW,8,PW,10/15/14 10:55,DOC,93.7,mg/L
FW,10,PW,10/15/14 11:35,DOC,47.4,mg/L
FW,9,PW,10/15/14 11:55,DOC,39,mg/L
FW,2,PW,10/15/14 12:27,DOC,46.3,mg/L
FW,3,PW,10/15/14 12:47,DOC,39.9,mg/L
FW,15,PW,10/15/14 13:41,DOC,50.3,mg/L
FW,13,PW,10/15/14 14:04,DOC,49.7,mg/L
FW,16,PW,10/15/14 14:15,DOC,57.6,mg/L
FW,14,PW,10/15/14 14:37,DOC,54.6,mg/L
FW,12,PW,10/15/14 14:52,DOC,39.8,mg/L
FW,11,PW,10/15/14 15:06,DOC,48,mg/L
FW,6,PW,10/15/14 15:31,DOC,48.1,mg/L
FW,1,SW,10/22/14 17:00,DOC,9,mg/L
FW,2,SW,10/22/14 17:02,DOC,9.8,mg/L
FW,2,PW,11/19/14 10:36,DOC,35.1,mg/L
FW,2,SW,11/19/14 10:43,DOC,9.2,mg/L
FW,3,SW,11/19/14 10:53,DOC,8.9,mg/L
FW,3,PW,11/19/14 11:05,DOC,10.5,mg/L
FW,6,PW,11/19/14 11:45,DOC,14.6,mg/L
FW,8,SW,11/19/14 12:06,DOC,8.3,mg/L
FW,6,SW,11/19/14 12:08,DOC,9.2,mg/L
FW,8,PW,11/19/14 12:16,DOC,12.2,mg/L
FW,10,PW,11/19/14 12:31,DOC,17.5,mg/L
FW,9,PW,11/19/14 12:40,DOC,15.6,mg/L
FW,9,SW,11/19/14 12:54,DOC,9.7,mg/L
FW,10,SW,11/19/14 12:55,DOC,11.9,mg/L
FW,12,SW,11/19/14 12:56,DOC,8.8,mg/L
FW,11,SW,11/19/14 12:57,DOC,8.9,mg/L
FW,15,PW,11/19/14 13:11,DOC,13.7,mg/L
FW,16,PW,11/19/14 13:19,DOC,12.3,mg/L
FW,13,PW,11/19/14 13:41,DOC,12.9,mg/L
FW,11,PW,11/19/14 13:57,DOC,17.4,mg/L
FW,13,SW,11/19/14 13:58,DOC,8.6,mg/L
FW,14,SW,11/19/14 13:58,DOC,8.9,mg/L
FW,15,SW,11/19/14 13:59,DOC,8.4,mg/L
FW,16,SW,11/19/14 13:59,DOC,8.9,mg/L
FW,12,PW,11/19/14 14:02,DOC,11.6,mg/L
FW,14,PW,11/19/14 14:31,DOC,14.1,mg/L
FW,8,PW,10/15/14 10:55,LPH,6.76,pH Units
FW,10,PW,10/15/14 11:35,LPH,7.26,pH Units
FW,9,PW,10/15/14 11:55,LPH,6.84,pH Units
FW,2,PW,10/15/14 12:27,LPH,6.43,pH Units
FW,3,PW,10/15/14 12:47,LPH,7.13,pH Units
FW,15,PW,10/15/14 13:41,LPH,7.1,pH Units
FW,13,PW,10/15/14 14:04,LPH,7.09,pH Units
FW,16,PW,10/15/14 14:15,LPH,6.97,pH Units
FW,14,PW,10/15/14 14:37,LPH,7.24,pH Units
FW,12,PW,10/15/14 14:52,LPH,7.12,pH Units
FW,11,PW,10/15/14 15:06,LPH,6.43,pH Units
FW,6,PW,10/15/14 15:31,LPH,7.12,pH Units
FW,1,SW,10/22/14 17:00,LPH,7.77,pH Units
FW,2,SW,10/22/14 17:02,LPH,7.87,pH Units
FW,2,PW,11/19/14 10:36,LPH,7.51,pH Units
FW,2,SW,11/19/14 10:43,LPH,7.89,pH Units
FW,3,SW,11/19/14 10:53,LPH,7.56,pH Units
FW,3,PW,11/19/14 11:05,LPH,7.28,pH Units
FW,6,PW,11/19/14 11:45,LPH,7.48,pH Units
FW,8,SW,11/19/14 12:06,LPH,7.77,pH Units
FW,6,SW,11/19/14 12:08,LPH,7.69,pH Units
FW,8,PW,11/19/14 12:16,LPH,7.61,pH Units
FW,10,PW,11/19/14 12:31,LPH,7.55,pH Units
FW,9,PW,11/19/14 12:40,LPH,7.37,pH Units
FW,9,SW,11/19/14 12:54,LPH,7.84,pH Units
FW,10,SW,11/19/14 12:55,LPH,7.48,pH Units
FW,12,SW,11/19/14 12:56,LPH,7.78,pH Units
FW,11,SW,11/19/14 12:57,LPH,7.8,pH Units
FW,15,PW,11/19/14 13:11,LPH,7.09,pH Units
FW,16,PW,11/19/14 13:19,LPH,7.28,pH Units
FW,13,PW,11/19/14 13:41,LPH,NA,pH Units
FW,11,PW,11/19/14 13:57,LPH,7.28,pH Units
FW,13,SW,11/19/14 13:58,LPH,7.89,pH Units
FW,14,SW,11/19/14 13:58,LPH,7.66,pH Units
FW,15,SW,11/19/14 13:59,LPH,7.92,pH Units
FW,16,SW,11/19/14 13:59,LPH,7.55,pH Units
FW,12,PW,11/19/14 14:02,LPH,7.3,pH Units
FW,14,PW,11/19/14 14:31,LPH,7.11,pH Units
FW,8,PW,10/15/14 10:55,NH4,0.824,mg/L
FW,10,PW,10/15/14 11:35,NH4,0.291,mg/L
FW,9,PW,10/15/14 11:55,NH4,0.212,mg/L
FW,2,PW,10/15/14 12:27,NH4,0.209,mg/L
FW,3,PW,10/15/14 12:47,NH4,0.632,mg/L
FW,15,PW,10/15/14 13:41,NH4,1.402,mg/L
FW,13,PW,10/15/14 14:04,NH4,0.9,mg/L
FW,16,PW,10/15/14 14:15,NH4,1.215,mg/L
FW,14,PW,10/15/14 14:37,NH4,1.398,mg/L
FW,12,PW,10/15/14 14:52,NH4,0.936,mg/L
FW,11,PW,10/15/14 15:06,NH4,1.113,mg/L
FW,6,PW,10/15/14 15:31,NH4,0.514,mg/L
FW,1,SW,10/22/14 17:00,NH4,0.025,mg/L
FW,2,SW,10/22/14 17:02,NH4,0.037,mg/L
FW,2,PW,11/19/14 10:36,NH4,0.175,mg/L
FW,2,SW,11/19/14 10:43,NH4,0.093,mg/L
FW,3,SW,11/19/14 10:53,NH4,0.045,mg/L
FW,3,PW,11/19/14 11:05,NH4,0.548,mg/L
FW,6,PW,11/19/14 11:45,NH4,0.393,mg/L
FW,8,SW,11/19/14 12:06,NH4,0.057,mg/L
FW,6,SW,11/19/14 12:08,NH4,0.057,mg/L
FW,8,PW,11/19/14 12:16,NH4,0.92,mg/L
FW,10,PW,11/19/14 12:31,NH4,0.227,mg/L
FW,9,PW,11/19/14 12:40,NH4,0.227,mg/L
FW,9,SW,11/19/14 12:54,NH4,0.044,mg/L
FW,10,SW,11/19/14 12:55,NH4,0.089,mg/L
FW,12,SW,11/19/14 12:56,NH4,0.05,mg/L
FW,11,SW,11/19/14 12:57,NH4,0.057,mg/L
FW,15,PW,11/19/14 13:11,NH4,1.193,mg/L
FW,16,PW,11/19/14 13:19,NH4,0.902,mg/L
FW,13,PW,11/19/14 13:41,NH4,0.693,mg/L
FW,11,PW,11/19/14 13:57,NH4,0.898,mg/L
FW,13,SW,11/19/14 13:58,NH4,0.05,mg/L
FW,14,SW,11/19/14 13:58,NH4,0.038,mg/L
FW,15,SW,11/19/14 13:59,NH4,0.067,mg/L
FW,16,SW,11/19/14 13:59,NH4,0.059,mg/L
FW,12,PW,11/19/14 14:02,NH4,0.815,mg/L
FW,14,PW,11/19/14 14:31,NH4,1.143,mg/L
FW,8,PW,10/15/14 10:55,NOX,0.006,mg/L
FW,10,PW,10/15/14 11:35,NOX,0.005,mg/L
FW,9,PW,10/15/14 11:55,NOX,0.005,mg/L
FW,2,PW,10/15/14 12:27,NOX,0.006,mg/L
FW,3,PW,10/15/14 12:47,NOX,0.005,mg/L
FW,15,PW,10/15/14 13:41,NOX,0.005,mg/L
FW,13,PW,10/15/14 14:04,NOX,0.005,mg/L
FW,16,PW,10/15/14 14:15,NOX,0.005,mg/L
FW,14,PW,10/15/14 14:37,NOX,0.005,mg/L
FW,12,PW,10/15/14 14:52,NOX,0.005,mg/L
FW,11,PW,10/15/14 15:06,NOX,0.005,mg/L
FW,6,PW,10/15/14 15:31,NOX,0.005,mg/L
FW,1,SW,10/22/14 17:00,NOX,0.005,mg/L
FW,2,SW,10/22/14 17:02,NOX,0.005,mg/L
FW,8,PW,10/15/14 10:55,SO4,1,mg/L
FW,10,PW,10/15/14 11:35,SO4,1,mg/L
FW,9,PW,10/15/14 11:55,SO4,1,mg/L
FW,2,PW,10/15/14 12:27,SO4,1,mg/L
FW,3,PW,10/15/14 12:47,SO4,1,mg/L
FW,15,PW,10/15/14 13:41,SO4,151,mg/L
FW,13,PW,10/15/14 14:04,SO4,123,mg/L
FW,16,PW,10/15/14 14:15,SO4,170,mg/L
FW,14,PW,10/15/14 14:37,SO4,162,mg/L
FW,12,PW,10/15/14 14:52,SO4,144,mg/L
FW,11,PW,10/15/14 15:06,SO4,253,mg/L
FW,6,PW,10/15/14 15:31,SO4,1,mg/L
FW,1,SW,10/22/14 17:00,SO4,0.1,mg/L
FW,2,SW,10/22/14 17:02,SO4,0.1,mg/L
FW,2,PW,11/19/14 10:36,SO4,0.2,mg/L
FW,2,SW,11/19/14 10:43,SO4,0.1,mg/L
FW,3,SW,11/19/14 10:53,SO4,0.1,mg/L
FW,3,PW,11/19/14 11:05,SO4,0.5,mg/L
FW,6,PW,11/19/14 11:45,SO4,0.1,mg/L
FW,8,SW,11/19/14 12:06,SO4,0.2,mg/L
FW,6,SW,11/19/14 12:08,SO4,0.3,mg/L
FW,8,PW,11/19/14 12:16,SO4,0.1,mg/L
FW,10,PW,11/19/14 12:31,SO4,0.1,mg/L
FW,9,PW,11/19/14 12:40,SO4,0.2,mg/L
FW,9,SW,11/19/14 12:54,SO4,0.1,mg/L
FW,10,SW,11/19/14 12:55,SO4,2.1,mg/L
FW,12,SW,11/19/14 12:56,SO4,49.5,mg/L
FW,11,SW,11/19/14 12:57,SO4,134,mg/L
FW,15,PW,11/19/14 13:11,SO4,149,mg/L
FW,16,PW,11/19/14 13:19,SO4,198,mg/L
FW,13,PW,11/19/14 13:41,SO4,154,mg/L
FW,11,PW,11/19/14 13:57,SO4,113,mg/L
FW,13,SW,11/19/14 13:58,SO4,8.8,mg/L
FW,14,SW,11/19/14 13:58,SO4,95,mg/L
FW,15,SW,11/19/14 13:59,SO4,136,mg/L
FW,16,SW,11/19/14 13:59,SO4,107,mg/L
FW,12,PW,11/19/14 14:02,SO4,232,mg/L
FW,14,PW,11/19/14 14:31,SO4,175,mg/L
FW,2,PW,12/18/14 10:29,SO4,0.091,mg/L
FW,3,PW,12/18/14 10:46,SO4,0,mg/L
FW,6,PW,12/18/14 10:59,SO4,0,mg/L
FW,8,PW,12/18/14 11:00,SO4,0.14,mg/L
FW,10,PW,12/18/14 11:28,SO4,0,mg/L
FW,9,PW,12/18/14 11:42,SO4,0,mg/L
FW,12,PW,12/18/14 11:57,SO4,168.534,mg/L
FW,11,PW,12/18/14 12:20,SO4,145.067,mg/L
FW,14,PW,12/18/14 12:36,SO4,271.471,mg/L
FW,13,PW,12/18/14 12:50,SO4,111.294,mg/L
FW,15,PW,12/18/14 13:04,SO4,112.518,mg/L
FW,8,PW,10/15/14 10:55,TDN,1.71,mg/L
FW,10,PW,10/15/14 11:35,TDN,0.97,mg/L
FW,9,PW,10/15/14 11:55,TDN,0.8,mg/L
FW,2,PW,10/15/14 12:27,TDN,0.96,mg/L
FW,3,PW,10/15/14 12:47,TDN,1.39,mg/L
FW,15,PW,10/15/14 13:41,TDN,2.09,mg/L
FW,13,PW,10/15/14 14:04,TDN,1.69,mg/L
FW,16,PW,10/15/14 14:15,TDN,2.8,mg/L
FW,14,PW,10/15/14 14:37,TDN,2.44,mg/L
FW,12,PW,10/15/14 14:52,TDN,1.73,mg/L
FW,11,PW,10/15/14 15:06,TDN,1.66,mg/L
FW,6,PW,10/15/14 15:31,TDN,1.22,mg/L
FW,1,SW,10/22/14 17:00,TDN,0.65,mg/L
FW,2,SW,10/22/14 17:02,TDN,0.704,mg/L
FW,2,PW,11/19/14 10:36,TDN,0.73,mg/L
FW,2,SW,11/19/14 10:43,TDN,0.645,mg/L
FW,3,SW,11/19/14 10:53,TDN,0.593,mg/L
FW,3,PW,11/19/14 11:05,TDN,1.04,mg/L
FW,6,PW,11/19/14 11:45,TDN,0.905,mg/L
FW,8,SW,11/19/14 12:06,TDN,0.637,mg/L
FW,6,SW,11/19/14 12:08,TDN,0.63,mg/L
FW,8,PW,11/19/14 12:16,TDN,1.42,mg/L
FW,10,PW,11/19/14 12:31,TDN,0.769,mg/L
FW,9,PW,11/19/14 12:40,TDN,0.686,mg/L
FW,9,SW,11/19/14 12:54,TDN,0.621,mg/L
FW,10,SW,11/19/14 12:55,TDN,0.675,mg/L
FW,12,SW,11/19/14 12:56,TDN,0.674,mg/L
FW,11,SW,11/19/14 12:57,TDN,0.679,mg/L
FW,15,PW,11/19/14 13:11,TDN,1.79,mg/L
FW,16,PW,11/19/14 13:19,TDN,1.42,mg/L
FW,13,PW,11/19/14 13:41,TDN,1.23,mg/L
FW,11,PW,11/19/14 13:57,TDN,1.5,mg/L
FW,13,SW,11/19/14 13:58,TDN,0.733,mg/L
FW,14,SW,11/19/14 13:58,TDN,0.677,mg/L
FW,15,SW,11/19/14 13:59,TDN,0.689,mg/L
FW,16,SW,11/19/14 13:59,TDN,0.72,mg/L
FW,12,PW,11/19/14 14:02,TDN,1.37,mg/L
FW,14,PW,11/19/14 14:31,TDN,1.73,mg/L
